TIME,fapar_itpl,fapar_spl,gpp_mod,gpp_obs
20100101,0.883755126452516,0.856492875026086,10.7945642471313,NA
20100102,0.859,0.864750200525843,11.6475028991699,NA
20100103,0.88,0.872415232512869,10.6029071807861,NA
20100104,0.882500000000156,0.878865126547482,14.5982437133789,NA
20100105,0.885000000000104,0.884054056237454,14.9038162231445,NA
20100106,0.887500000000052,0.887936195192216,13.5671825408936,NA
20100107,0.89,0.890465717020615,14.1118993759155,NA
20100108,0.887500000000052,0.891641673054958,14.7428417205811,NA
20100109,0.885000000000104,0.891642625521408,15.220814704895,NA
20100110,0.882499999999948,0.890692014369476,14.6168231964111,NA
20100111,0.88,0.88901327954896,12.5837316513062,NA
20100112,0.8825,0.886829861009442,7.19570827484131,NA
20100113,0.885,0.884365198700545,10.3599281311035,NA
20100114,0.8875,0.881842732571895,11.5580291748047,NA
20100115,0.89,0.879485902573116,12.8757810592651,NA
20100116,0.887499999999844,0.87751814865369,12.4659585952759,NA
20100117,0.884999999999896,0.876162910763585,9.26769542694092,NA
20100118,0.882499999999948,0.875643628852241,6.92038106918335,NA
20100119,0.88,0.876183742869285,10.8490896224976,NA
20100120,0.882499999999948,0.877922528184178,11.4234552383423,NA
20100121,0.885000000000104,0.880662601846001,11.8265066146851,NA
20100122,0.887500000000052,0.88412241632294,9.36119937896729,NA
20100123,0.89,0.888020424083841,10.2349252700806,10.8748
20100124,0.887500000000052,0.892075077597365,11.5404634475708,12.3208
20100125,0.885000000000104,0.89600482933217,11.8088493347168,NA
20100126,0.882500000000156,0.899528131756914,11.0695943832397,NA
20100127,0.88,0.902363437340455,10.6922521591187,NA
20100128,0.885,0.904229198550962,10.8045387268066,8.56921
20100129,0.89,0.904843867857361,9.68604564666748,9.73599
20100130,0.895,0.903925897728311,12.0574941635132,NA
20100131,0.9,0.90119374063247,8.88672924041748,8.24191
20100201,0.897500000000052,0.896499089630278,10.56383228302,NA
20100202,0.894999999999896,0.89022660014873,10.8055057525635,9.2528
20100203,0.892499999999948,0.882894168208247,12.2858896255493,8.45011
20100204,0.89,0.875019689827715,1.94963502883911,4.21417
20100205,0.892499999999948,0.86712106102648,5.08266448974609,8.51057
20100206,0.894999999999896,0.859716177823888,10.9042835235596,11.7734
20100207,0.897499999999844,0.853322936239286,11.5865039825439,8.7647
20100208,0.9,0.848459232291694,10.9045286178589,7.61106
20100209,0.865,0.845515134311731,8.89142036437988,6.4504
20100210,0.83,0.844369399870414,7.72246265411377,5.9314
20100211,0.795,0.844772958849664,5.82892608642578,5.37018
20100212,0.76,0.846476741131401,5.51185464859009,6.34688
20100213,0.792500000002023,0.849231676597812,6.34533977508545,8.14681
20100214,0.825000000001349,0.852788695130342,10.7903175354004,10.6307
20100215,0.857500000000674,0.856898726611101,7.42619943618774,7.4658
20100216,0.89,0.86131270092201,12.7310962677002,11.9461
20100217,0.887500000000052,0.865781547944988,12.2277450561523,10.9953
20100218,0.885000000000104,0.870056197561956,12.3600816726685,9.80485
20100219,0.882499999999948,0.873887579655129,12.3276376724243,7.03635
20100220,0.88,0.877026624105773,10.0501413345337,6.97314
20100221,0.8825,0.879285352922432,11.0507698059082,6.98543
20100222,0.885,0.880720156618446,10.1225614547729,8.11651
20100223,0.8875,0.881448517833437,9.69722938537598,9.12843
20100224,0.89,0.881587919207028,11.1682291030884,10.027
20100225,0.887499999999844,0.881255843378797,11.4436893463135,8.34381
20100226,0.884999999999896,0.88056977298843,10.353048324585,6.31491
20100227,0.882499999999948,0.87964719067554,3.43095636367798,4.49836
20100228,0.88,0.878605579079751,8.94298839569092,9.79513
20100301,0.878035714285755,0.877562420840683,7.78153848648071,7.75255
20100302,0.876071428571347,0.876635198597892,10.4913969039917,10.1645
20100303,0.874107142857102,0.875941394991162,11.4699201583862,6.28709
20100304,0.872142857142857,0.875598492660032,7.74775171279907,4.80929
20100305,0.870940476190501,0.875692911104716,2.36903262138367,NA
20100306,0.869738095238145,0.876186817267801,4.33131885528564,NA
20100307,0.868535714285789,0.877011314952461,4.1668119430542,3.66103
20100308,0.867333333333333,0.878097507961973,3.24151229858398,4.69796
20100309,0.873,0.879376500099328,5.22761201858521,5.91667
20100310,0.878666666666667,0.880779395167783,5.89130640029907,7.05073
20100311,0.884333333333333,0.882237296970515,11.1622791290283,9.65795
20100312,0.89,0.883681309310701,11.7247400283813,9.39423
20100313,0.89,0.885053916976539,12.4705581665039,9.19418
20100314,0.89,0.886343128696419,12.0863027572632,NA
20100315,0.89,0.887548334183436,11.952184677124,NA
20100316,0.89,0.888668923151009,12.2654495239258,NA
20100317,0.892499999999948,0.889704285312447,10.4995012283325,8.52125
20100318,0.894999999999896,0.890653810381058,7.04675579071045,6.99821
20100319,0.897500000000052,0.891516888070219,9.42641639709473,7.36237
20100320,0.9,0.892292908093095,11.0354528427124,NA
20100321,0.895,0.89298126016307,8.21909332275391,NA
20100322,0.89,0.893581333993454,10.6740064620972,9.11624
20100323,0.885,0.894092519297553,10.2664880752563,9.07565
20100324,0.88,0.894514205788678,10.4267024993896,9.1283
20100325,0.885000000000311,0.894844828739973,11.1822509765625,8.36075
20100326,0.890000000000208,0.895079005663759,7.99603796005249,7.22734
20100327,0.895000000000104,0.895210399632257,6.03663492202759,NA
20100328,0.9,0.895232673717656,3.05827260017395,NA
20100329,0.9,0.895139490992144,5.27510595321655,NA
20100330,0.9,0.894924514527911,8.05414581298828,8.06897
20100331,0.9,0.894581407397111,9.86530590057373,9.09652
20100401,0.9,0.894103832671991,10.4739389419556,8.17663
20100402,0.8975,0.893485453424717,5.05769824981689,6.18031
20100403,0.895,0.892719932727478,9.28662395477295,9.1981
20100404,0.8925,0.891800933652463,9.50236129760742,7.43242
20100405,0.89,0.890722119271861,10.3051919937134,8.08167
20100406,0.888249999999891,0.889488973855627,3.52255725860596,4.64045
20100407,0.886499999999927,0.888154266465532,4.26549243927002,4.69717
20100408,0.884749999999964,0.886782587360914,4.95602416992188,5.67246
20100409,0.883,0.885438526801206,3.58133149147034,4.94911
20100410,0.880134615384675,0.884186675045845,3.41073131561279,5.23985
20100411,0.877269230769112,0.883091622354181,5.07892560958862,6.61613
20100412,0.874403846153787,0.882217958985836,2.69435143470764,4.73793
20100413,0.871538461538462,0.881630275200146,5.10111951828003,6.53146
20100414,0.87615384615375,0.881374872373956,3.34762668609619,5.48325
20100415,0.880769230769039,0.881424896353762,3.68172216415405,5.83403
20100416,0.885384615384328,0.88173520410347,9.22301387786865,7.20241
20100417,0.89,0.882260652587037,8.2976541519165,6.3425
20100418,0.8925,0.88295609876828,7.0519437789917,6.13997
20100419,0.895,0.883776399611138,7.52766275405884,6.19364
20100420,0.8975,0.88467641207952,7.9839448928833,6.21713
20100421,0.9,0.88561099313733,8.32455348968506,7.19549
20100422,0.893333333333472,0.886534999748476,7.52191972732544,7.22646
20100423,0.88666666666639,0.887403288876931,3.94774460792542,5.72859
20100424,0.879999999999862,0.888170717486456,3.96684384346008,4.26621
20100425,0.873333333333333,0.88879214254103,5.68488597869873,6.09237
20100426,0.875909090909038,0.889234704934841,6.17360973358154,6.91463
20100427,0.878484848484742,0.889514681283196,2.11613726615906,3.33408
20100428,0.88106060606066,0.88966063213169,1.04009974002838,2.67795
20100429,0.883636363636364,0.889701118025888,3.08065032958984,3.82486
20100430,0.887727272727273,0.889664699511395,3.25464606285095,4.03244
20100501,0.891818181818182,0.889579937133799,6.01168489456177,5.33268
20100502,0.895909090909091,0.889475391438688,3.97801089286804,4.34591
20100503,0.9,0.889379622971648,6.67459917068481,6.4427
20100504,0.9,0.889321192278266,3.93671822547913,3.95903
20100505,0.9,0.889328659904141,3.33285737037659,3.69974
20100506,0.9,0.889430586394854,4.36267328262329,4.07587
20100507,0.9,0.889655532295991,2.1928653717041,4.97244
20100508,0.89444444444456,0.890018770697187,4.99783802032471,NA
20100509,0.888888888889119,0.890482424864255,4.24787521362305,NA
20100510,0.883333333333218,0.890995330607098,6.50659942626953,NA
20100511,0.877777777777778,0.891506323735489,4.14651679992676,NA
20100512,0.878560606060606,0.891964240059326,3.2940628528595,3.28876
20100513,0.879343434343434,0.892317915388471,2.91396808624268,3.60012
20100514,0.880126262626263,0.892516185532783,3.79500555992126,NA
20100515,0.880909090909091,0.892507886302122,6.1460485458374,NA
20100516,0.88318181818196,0.892247258680248,6.28731632232666,NA
20100517,0.88545454545464,0.891710164346729,6.98582029342651,6.04499
20100518,0.88772727272732,0.890877870155011,7.6308650970459,6.13254
20100519,0.89,0.889731642958556,7.93574857711792,6.58009
20100520,0.892499999999948,0.888252749610821,6.02205562591553,5.48448
20100521,0.895000000000104,0.886422456965098,5.98948669433594,5.09179
20100522,0.897500000000052,0.88422203187515,6.7413854598999,5.12573
20100523,0.9,0.881632741194296,5.29754114151001,4.61095
20100524,0.904999999999896,0.878635851775997,2.00747776031494,2.24083
20100525,0.909999999999793,0.875212630473711,1.13620579242706,2.07348
20100526,0.914999999999689,0.871344344140897,5.98000335693359,5.04572
20100527,0.92,0.867012259630634,4.4569878578186,4.47239
20100528,0.8725,0.862236789948746,1.01375937461853,1.42152
20100529,0.825,0.857194932706578,1.93669402599335,4.18164
20100530,0.7775,0.852102831667464,3.25304126739502,4.59248
20100531,0.73,0.847176630594736,4.32259464263916,6.25408
20100601,0.772499999999118,0.842632473251727,2.34092116355896,NA
20100602,0.815000000001764,0.838686503401473,3.17084312438965,NA
20100603,0.857500000000882,0.835554864807976,4.16826963424683,NA
20100604,0.9,0.833453701234214,3.40796804428101,NA
20100605,0.884166666666995,0.83259915644352,1.9938098192215,NA
20100606,0.86833333333399,0.833207374199226,2.80925440788269,NA
20100607,0.852499999999672,0.83549449826493,2.64321208000183,NA
20100608,0.836666666666667,0.8396766724036,3.50465321540833,4.02824
20100609,0.846428571428571,0.845835645076253,1.70233416557312,3.10387
20100610,0.856190476190476,0.853515583534047,2.48187947273254,4.00428
20100611,0.865952380952381,0.86212625972571,1.9551990032196,3.16535
20100612,0.875714285714286,0.871077445599966,2.10178446769714,3.28618
20100613,0.87345238095224,0.879778913106239,1.64696443080902,2.77543
20100614,0.871190476190382,0.887640434191769,3.90244483947754,4.2142
20100615,0.868928571428525,0.894071780806021,2.87101531028748,3.9712
20100616,0.866666666666667,0.898482724897724,1.4034857749939,2.60734
20100617,0.882499999999672,0.90043962607671,2.88891744613647,NA
20100618,0.898333333332676,0.900135194597249,3.82690596580505,NA
20100619,0.914166666666995,0.897918728374463,2.87641143798828,NA
20100620,0.93,0.89413952532412,2.2825448513031,NA
20100621,0.910937500000396,0.889146883361489,3.08236908912659,NA
20100622,0.891875000000791,0.883290100401946,3.17322182655334,NA
20100623,0.872812500001186,0.876918474360867,2.84064722061157,NA
20100624,0.85375,0.870381303153089,3.590176820755,NA
20100625,0.8578125,0.8640278846951,0.177705526351929,NA
20100626,0.861875,0.858207516901733,2.63816785812378,NA
20100627,0.8659375,0.853269497688366,3.5749979019165,NA
20100628,0.87,0.849563124970377,3.90579724311829,NA
20100629,0.855000000000311,0.847347101322094,1.34767043590546,NA
20100630,0.839999999999378,0.846517747953646,2.62148237228394,NA
20100701,0.824999999999689,0.846880790734255,2.62545847892761,NA
20100702,0.81,0.848241955532895,2.19219064712524,NA
20100703,0.826749999999652,0.850406968218663,2.31298160552979,1.83614
20100704,0.843499999999305,0.853181554660659,2.02505803108215,1.27462
20100705,0.860249999998957,0.856371440727978,1.58785021305084,1.8395
20100706,0.877,0.859782352290008,4.42902851104736,NA
20100707,0.88275,0.863220015215265,1.78380489349365,2.47187
20100708,0.8885,0.866490155373124,4.27926683425903,4.17934
20100709,0.89425,0.869398498632683,5.19751071929932,4.21918
20100710,0.9,0.871750770863039,0.490624874830246,1.17584
20100711,0.885416666666969,0.873407253567422,1.52891683578491,3.04501
20100712,0.870833333332728,0.874446450785648,4.07106590270996,5.16043
20100713,0.856249999999697,0.875001422191433,3.22386837005615,4.01805
20100714,0.841666666666667,0.87520522745877,0.876086592674255,1.78171
20100715,0.848499999999858,0.875190926261541,2.52161598205566,3.58419
20100716,0.85533333333305,0.875091578273627,2.47273445129395,3.32879
20100717,0.862166666666808,0.875040243168912,1.328364610672,2.58858
20100718,0.869,0.875169980621296,1.84428596496582,2.54349
20100719,0.873416666666667,0.875568610210073,4.82604646682739,4.84586
20100720,0.877833333333333,0.876142991136235,2.4813859462738,3.84337
20100721,0.88225,0.876754742506195,3.92696833610535,4.83835
20100722,0.886666666666667,0.877265483426368,2.15344619750977,3.58647
20100723,0.887500000000052,0.877536833003175,3.84851765632629,4.04363
20100724,0.888333333333368,0.877430410342974,4.61870336532593,4.43482
20100725,0.889166666666684,0.876807834552215,4.62918329238892,NA
20100726,0.89,0.875530724737309,5.4203028678894,NA
20100727,0.890833333333316,0.873460700004671,5.8783278465271,NA
20100728,0.891666666666632,0.870459379460714,1.60580539703369,NA
20100729,0.892500000000017,0.866388382211466,1.93197500705719,2.47642
20100730,0.893333333333333,0.861109327364005,2.16772246360779,2.31905
20100731,0.855000000000795,0.854563372019873,3.6621789932251,3.4959
20100801,0.816666666668257,0.847009825262574,2.28954553604126,2.45483
20100802,0.778333333335719,0.838787534171033,3.97375655174255,4.1939
20100803,0.74,0.830235345823461,2.5213930606842,3.47461
20100804,0.769285714285714,0.821692107300223,1.08231818675995,1.32546
20100805,0.798571428571429,0.813496665679545,3.34816026687622,4.02699
20100806,0.827857142857143,0.80598786804035,4.57002878189087,4.86431
20100807,0.857142857142857,0.799504561461562,3.42889070510864,4.27566
20100808,0.842857142857439,0.794385593022105,5.15151357650757,5.01411
20100809,0.828571428570836,0.7909698098007,4.95726537704468,5.37639
20100810,0.814285714285418,0.789596058876862,1.41291153430939,2.49291
20100811,0.8,0.790603187329156,0.777823090553284,0.820308
20100812,0.797500000000052,0.794181788832979,2.72283864021301,3.49359
20100813,0.795000000000104,0.799929443449618,2.91690516471863,3.70358
20100814,0.792500000000156,0.807295477836833,2.03952407836914,2.69258
20100815,0.79,0.815729218653114,2.02900266647339,2.98109
20100816,0.8025,0.824679992554782,3.55264806747437,4.44171
20100817,0.815,0.833597126200261,5.63496065139771,5.61467
20100818,0.8275,0.841929946247311,1.03039789199829,0.800996
20100819,0.84,0.849127779353691,4.61600208282471,4.85341
20100820,0.853250000000825,0.854768107016287,2.85300016403198,3.47151
20100821,0.86650000000055,0.858941030085536,4.06190347671509,3.99014
20100822,0.879750000000275,0.861864804252055,5.78144645690918,4.91006
20100823,0.893,0.863757685205922,4.4365234375,4.28786
20100824,0.884750000000171,0.864837928637219,1.89770603179932,1.8454
20100825,0.876500000000342,0.865323790236024,1.28803038597107,2.2449
20100826,0.868249999999829,0.865433525692419,2.99341917037964,4.13417
20100827,0.86,0.865385390696479,4.42899751663208,5.12786
20100828,0.86,0.865397640938307,4.06942415237427,4.95647
20100829,0.86,0.865688532107982,3.65843987464905,4.90647
20100830,0.86,0.866476319895584,7.35079097747803,6.91375
20100831,0.86,0.867979259991194,3.15113687515259,4.35373
20100901,0.862500000000156,0.870342294873252,1.84712600708008,3.03707
20100902,0.865000000000104,0.873417114172091,4.94223833084106,5.63438
20100903,0.867500000000052,0.876982094306743,4.53172302246094,5.75686
20100904,0.87,0.880815611696079,1.54428446292877,2.32176
20100905,0.882499999999741,0.884696042758972,4.7002911567688,4.86926
20100906,0.894999999999481,0.888401763914294,4.92147874832153,5.66923
20100907,0.907500000000259,0.891711151581168,6.89163827896118,6.51559
20100908,0.92,0.894402582177902,7.05538129806519,5.69265
20100909,0.907500000000259,0.896254432123661,4.89100551605225,4.28263
20100910,0.895000000000519,0.897045077837319,4.3450870513916,4.6835
20100911,0.882500000000778,0.896552895737745,7.67569446563721,6.76505
20100912,0.87,0.894556262243579,5.25023412704468,4.80375
20100913,0.875,0.890940483008832,4.53699493408203,4.39744
20100914,0.88,0.886018580626398,10.7395877838135,6.96939
20100915,0.885,0.880210506924093,3.45124650001526,4.19667
20100916,0.89,0.873936213729735,4.84013032913208,5.45595
20100917,0.880000000000208,0.867615652871141,3.6236674785614,4.80679
20100918,0.869999999999585,0.861668776175662,4.60188293457031,5.09778
20100919,0.859999999999792,0.856515535472132,4.76597452163696,5.858
20100920,0.85,0.852575882587853,3.72939157485962,4.66343
20100921,0.85,0.850164497417068,5.6995587348938,6.68311
20100922,0.85,0.849174972119722,6.47409772872925,7.29819
20100923,0.85,0.849395626922185,7.17810201644897,7.60423
20100924,0.85,0.850614782050965,7.55580282211304,7.20732
20100925,0.8525,0.852620757732215,7.4737401008606,7.01345
20100926,0.855,0.855201874192369,10.6850414276123,7.27502
20100927,0.8575,0.858146451657796,4.28460693359375,5.29465
20100928,0.86,0.861242810354868,6.48052263259888,6.66684
20100929,0.86,0.864279270510198,7.75702381134033,7.36545
20100930,0.86,0.867044152349639,6.88234806060791,7.57101
20101001,0.86,0.869325776099818,7.38560819625854,7.484
20101002,0.86,0.870912461987106,12.5095701217651,7.77457
20101003,0.862499999999948,0.871648457117346,11.7107133865356,7.26948
20101004,0.864999999999896,0.871601716114268,8.05248641967773,7.03632
20101005,0.867500000000052,0.870896120480994,13.0562257766724,8.50893
20101006,0.87,0.869655551720853,4.70326232910156,4.42444
20101007,0.875,0.868003891337016,6.9933385848999,7.82789
20101008,0.88,0.866065020832685,7.1557149887085,7.19126
20101009,0.885,0.863962821711065,10.1638498306274,8.62587
20101010,0.89,0.861821175475359,12.6131134033203,8.47096
20101011,0.881041666666109,0.859763963628606,12.2238140106201,8.77733
20101012,0.872083333332962,0.85791506767436,4.34456968307495,3.95925
20101013,0.863124999999814,0.856398369115648,2.83674025535583,3.711
20101014,0.854166666666667,0.855337749455675,8.93499565124512,7.66408
20101015,0.843125000000229,0.854820550857533,1.82730257511139,1.73808
20101016,0.832083333333791,0.854787958123875,6.17542457580566,6.02559
20101017,0.821041666666438,0.85514461671729,5.0476975440979,5.94179
20101018,0.81,0.855795172100254,6.10886669158936,6.34886
20101019,0.829999999999585,0.856644269735325,11.9006357192993,8.93348
20101020,0.84999999999917,0.857596555085047,14.0478982925415,8.88968
20101021,0.869999999998755,0.858556673611964,15.420823097229,7.75809
20101022,0.89,0.859429270778686,13.3187093734741,6.69761
20101023,0.885,0.860136853907035,6.58731269836426,5.42823
20101024,0.88,0.86067337775679,13.4024791717529,8.35331
20101025,0.875,0.861050658947085,14.4432964324951,8.12056
20101026,0.87,0.861280514097052,10.6738319396973,8.60518
20101027,0.865000000000104,0.861374759825823,12.8810453414917,10.0352
20101028,0.859999999999792,0.861345212752524,15.1973514556885,10.0292
20101029,0.854999999999896,0.861203689496293,14.5391006469727,10.6265
20101030,0.85,0.860962006676266,0.667419075965881,NA
20101031,0.851590909090876,0.860631980911574,4.53035306930542,NA
20101101,0.853181818181752,0.860225428821352,9.42983436584473,NA
20101102,0.854772727272628,0.859754167024731,5.6007285118103,NA
20101103,0.856363636363636,0.859230012140799,6.08894968032837,NA
20101104,0.854772727272727,0.858667869230285,7.5016975402832,NA
20101105,0.853181818181818,0.858094997119825,10.7736644744873,NA
20101106,0.851590909090909,0.857541743077607,11.9135036468506,NA
20101107,0.85,0.857038454371816,11.5000696182251,NA
20101108,0.857500000000467,0.856615478270608,11.4315586090088,NA
20101109,0.865000000000311,0.856303162042242,14.8748092651367,NA
20101110,0.872500000000156,0.856131852954865,9.45164108276367,NA
20101111,0.88,0.856131898276665,14.5559101104736,NA
20101112,0.872500000000156,0.856333645275828,9.41228485107422,NA
20101113,0.865000000000311,0.85676744122054,0.285633891820908,NA
20101114,0.857499999999844,0.857463633379057,8.05825901031494,NA
20101115,0.85,0.858452569019453,8.42439460754395,9.53487
20101116,0.8475,0.859736121193293,12.535719871521,10.2597
20101117,0.845,0.861202266085432,15.7601947784424,10.4009
20101118,0.8425,0.862710505664055,6.88181018829346,7.35573
20101119,0.84,0.86412034189735,15.3289728164673,9.87846
20101120,0.855000000000934,0.865291276753585,17.4708786010742,10.3556
20101121,0.870000000000622,0.866082812200744,14.0939359664917,9.64823
20101122,0.885000000000311,0.866354450207123,17.4703369140625,11.2455
20101123,0.9,0.865965692740907,16.00439453125,9.56245
20101124,0.885000000000311,0.864825559874183,8.25122451782227,8.73902
20101125,0.869999999999378,0.863041144094473,7.26417350769043,7.58322
20101126,0.854999999999689,0.860769055993675,11.1033334732056,6.84625
20101127,0.84,0.858165906163256,2.01860737800598,2.52148
20101128,0.842499999999948,0.855388305194809,7.90167617797852,6.86665
20101129,0.844999999999896,0.852592863679925,5.88174343109131,6.56629
20101130,0.847499999999844,0.849936192210195,13.0766506195068,9.90177
20101201,0.85,0.847574901377032,6.16413354873657,6.66047
20101202,0.85,0.845665601772429,9.45373344421387,8.37456
20101203,0.85,0.844364903987769,13.1854295730591,10.3104
20101204,0.85,0.843829418614642,15.3890542984009,NA
20101205,0.85,0.844215756244641,7.14556074142456,NA
20101206,0.843392857142994,0.845622673947396,8.36318874359131,9.35701
20101207,0.83678571428544,0.847917514704926,5.02001047134399,6.24287
20101208,0.830178571428434,0.850909767976671,3.52594494819641,5.12102
20101209,0.823571428571429,0.854408923222623,12.2307682037354,10.6376
20101210,0.847678571428071,0.858224469902617,10.3368902206421,9.89449
20101211,0.871785714284714,0.862165897476488,6.40891361236572,7.71621
20101212,0.895892857141357,0.866042695404072,6.37931251525879,7.20445
20101213,0.92,0.869664353145489,11.3985452651978,10.0281
20101214,0.905192307692308,0.872840360159959,17.2218780517578,12.0001
20101215,0.890384615384615,0.875380205907632,7.83533811569214,7.79889
20101216,0.875576923076923,0.877093379848343,11.224479675293,9.15573
20101217,0.860769230769231,0.877789371441928,11.166877746582,8.76822
20101218,0.858076923076755,0.877354563540566,7.64637279510498,7.59503
20101219,0.855384615384504,0.875982912566291,5.5275993347168,6.97116
20101220,0.852692307692252,0.873945268333485,8.05666732788086,8.438
20101221,0.85,0.871512480656514,8.35379695892334,NA
20101222,0.854999999999896,0.868955399349747,16.8751754760742,9.30845
20101223,0.859999999999792,0.866544874227552,15.803765296936,9.25483
20101224,0.865000000000104,0.864551755104157,17.1916427612305,9.27039
20101225,0.87,0.863246891794279,5.47431230545044,NA
20101226,0.8725,0.862824826917765,11.8329372406006,9.8941
20101227,0.875,0.863174874317304,10.0726861953735,9.66916
20101228,0.8775,0.864110040641253,16.2568778991699,10.1664
20101229,0.88,0.865443332537966,17.4984836578369,7.7027
20101230,0.877499999999844,0.866987756655929,17.6565704345703,10.0618
20101231,0.874999999999896,0.868556319643229,17.3538150787354,NA
20110101,0.872499999999948,0.869962028148342,6.88247108459473,5.65815
20110102,0.87,0.871017888819623,14.2841091156006,11.1562
20110103,0.87,0.871536908305428,13.8472290039062,11.4324
20110104,0.867499999999844,0.871380480131552,14.7931108474731,9.18941
20110105,0.864999999999896,0.870603545333793,13.3908424377441,NA
20110106,0.862499999999948,0.869309431825413,15.4717741012573,10.2465
20110107,0.86,0.867601467519655,12.5251932144165,10.2826
20110108,0.858958333333355,0.865582980329767,10.1782960891724,9.1734
20110109,0.85791666666671,0.863357298168994,4.72953081130981,8.92202
20110110,0.856874999999978,0.861027748950387,2.16305947303772,5.2488
20110111,0.855833333333333,0.858697660587585,2.54122138023376,5.81035
20110112,0.856875,0.856470360993643,4.11655807495117,7.25955
20110113,0.857916666666667,0.854449178081807,1.48397350311279,NA
20110114,0.858958333333333,0.852737439765322,10.2922744750977,NA
20110115,0.86,0.851438473957435,16.6179733276367,NA
20110116,0.857499999999844,0.850631267316919,16.2503108978271,NA
20110117,0.854999999999896,0.850297441485032,7.36565256118774,8.23785
20110118,0.852499999999948,0.850394276848387,7.80636882781982,9.83638
20110119,0.85,0.850879053793686,14.1703100204468,11.1068
20110120,0.85,0.85170905270763,16.5927066802979,11.0268
20110121,0.85,0.852841553977025,14.764347076416,NA
20110122,0.85,0.854233837988384,15.1526832580566,9.86145
20110123,0.85,0.855843185128489,16.4200439453125,NA
20110124,0.854999999999896,0.857620451766486,9.67017650604248,7.29511
20110125,0.859999999999792,0.859490798201299,8.82779884338379,6.32006
20110126,0.864999999999689,0.861372960714298,0,1.21505
20110127,0.87,0.863185675586996,0.0368151403963566,2.1945
20110128,0.87,0.864847679100456,6.25569725036621,4.45137
20110129,0.87,0.866277707536201,15.7938585281372,NA
20110130,0.87,0.867394497175601,16.0974769592285,NA
20110131,0.87,0.868116784300023,12.4385547637939,NA
20110201,0.865000000000104,0.868363305190837,15.081075668335,NA
20110202,0.859999999999792,0.86805279612936,14.9187030792236,NA
20110203,0.854999999999896,0.867103993397007,12.2842350006104,5.9866
20110204,0.85,0.865435633275146,4.29998731613159,3.61181
20110205,0.852499999999948,0.863011031049741,4.14270114898682,3.3574
20110206,0.854999999999896,0.859971818025139,11.1249942779541,9.1087
20110207,0.857499999999844,0.856504204510284,14.3090763092041,9.69613
20110208,0.86,0.852794400813806,13.564603805542,9.01708
20110209,0.86,0.849028617245275,12.539722442627,7.55575
20110210,0.86,0.845393064113336,6.89957189559937,NA
20110211,0.86,0.842073951726932,2.80514717102051,0.188049
20110212,0.86,0.839257490395004,11.4873609542847,8.17217
20110213,0.847499999999222,0.837129890426354,12.0634651184082,8.61773
20110214,0.834999999999481,0.83587736213029,14.4312763214111,7.91814
20110215,0.822499999999741,0.835686115815548,12.6601858139038,6.77798
20110216,0.81,0.836742361791071,5.07771921157837,3.64608
20110217,0.822678571428308,0.839149898682841,12.1077451705933,8.1587
20110218,0.835357142856617,0.842682878384999,7.50678682327271,6.42521
20110219,0.848035714285977,0.84703304110911,6.09022426605225,4.64821
20110220,0.860714285714286,0.85189212706561,7.72534704208374,7.49809
20110221,0.863035714285714,0.856951876466011,7.07480955123901,7.28336
20110222,0.865357142857143,0.861904029521492,11.6453981399536,8.81445
20110223,0.867678571428571,0.866440326443232,14.6490955352783,8.39911
20110224,0.87,0.870252507442411,13.5455455780029,7.48947
20110225,0.872500000000156,0.873105518950125,11.6635074615479,NA
20110226,0.875000000000104,0.875057132275687,10.1069393157959,NA
20110227,0.877500000000052,0.876238324948872,7.7418098449707,NA
20110228,0.88,0.876780074499177,2.67938733100891,3.23895
20110301,0.877500000000052,0.876813358456099,7.9824686050415,7.24541
20110302,0.874999999999896,0.876469154349093,11.8494358062744,8.71638
20110303,0.872499999999948,0.875878439707723,8.36758327484131,7.92983
20110304,0.87,0.87517219206147,4.06704711914062,5.60951
20110305,0.872499999999948,0.874481388939832,13.2107925415039,9.05547
20110306,0.874999999999896,0.873937007872306,14.1543712615967,9.05845
20110307,0.877499999999844,0.873670026388388,13.931902885437,8.78913
20110308,0.88,0.873811422017608,5.1458044052124,6.66369
20110309,0.878928571428571,0.87445670880519,2.49499487876892,NA
20110310,0.877857142857143,0.875559546859341,6.10675764083862,6.11401
20110311,0.876785714285714,0.877038132804018,11.2308988571167,NA
20110312,0.875714285714286,0.878810663263176,10.6041927337646,NA
20110313,0.876785714285692,0.880795334860772,6.1453595161438,NA
20110314,0.877857142857187,0.88291034422094,12.6414165496826,9.15387
20110315,0.878928571428594,0.88507388796728,11.8723516464233,6.72088
20110316,0.88,0.887204162723919,11.4742527008057,8.52184
20110317,0.887499999999844,0.889219365114814,11.185658454895,8.76974
20110318,0.894999999999689,0.891037691763921,11.4061107635498,10.7701
20110319,0.902500000000156,0.892577339295309,7.79378604888916,6.50323
20110320,0.91,0.893756504332675,10.4591312408447,NA
20110321,0.901730769230769,0.894524094520144,4.75904035568237,3.10535
20110322,0.893461538461539,0.894951861581824,4.62267637252808,3.49763
20110323,0.885192307692308,0.895142268261852,3.29879069328308,5.41148
20110324,0.876923076923077,0.895197777304366,2.7881965637207,5.44572
20110325,0.885192307692822,0.895220851453506,5.6768217086792,7.70999
20110326,0.893461538461882,0.895313953453413,5.7681884765625,8.43825
20110327,0.901730769230941,0.895579546048225,9.53385448455811,NA
20110328,0.91,0.896120091982081,9.18278217315674,5.65851
20110329,0.907500000000052,0.897005454528318,1.89777219295502,0.746844
20110330,0.905000000000104,0.89817509907708,5.80888080596924,6.1247
20110331,0.902499999999948,0.899535891547829,9.37895393371582,8.75009
20110401,0.9,0.900994697859677,9.91656494140625,7.89762
20110402,0.8975,0.902458383932074,8.55713844299316,9.09831
20110403,0.895,0.903833815684364,3.54209971427917,7.13804
20110404,0.8925,0.905027859035891,5.39179754257202,7.42518
20110405,0.89,0.905947379906,9.56821918487549,8.66443
20110406,0.900000000000622,0.906499244214062,8.80102443695068,7.30993
20110407,0.910000000000415,0.906590317879324,9.49057769775391,8.38049
20110408,0.920000000000208,0.906127466821192,9.66472244262695,7.97055
20110409,0.93,0.90501755695901,4.71778678894043,5.64745
20110410,0.915384615384919,0.903209138023276,4.12293529510498,7.12277
20110411,0.900769230768624,0.900817494988886,6.09691476821899,7.58423
20110412,0.886153846153543,0.897999596642515,2.29227948188782,3.97439
20110413,0.871538461538462,0.894912411770254,2.20222663879395,4.04062
20110414,0.878653846153699,0.891712909158373,3.10904455184937,3.76638
20110415,0.885769230768936,0.888558057593139,7.88479518890381,6.68152
20110416,0.892884615384173,0.885604825860819,8.55886268615723,7.21615
20110417,0.9,0.883010182747486,8.85083675384521,7.12144
20110418,0.892307692307692,0.880931097039848,8.15761661529541,5.77964
20110419,0.884615384615385,0.879524537523942,6.40347146987915,4.95249
20110420,0.876923076923077,0.878947472986036,2.56917762756348,3.03604
20110421,0.869230769230769,0.879356872212396,6.14601182937622,6.2796
20110422,0.876923076922917,0.880824400962141,4.22701025009155,5.70439
20110423,0.884615384615704,0.883080512885996,3.06846332550049,5.17602
20110424,0.892307692307852,0.885770358606928,5.60032033920288,6.63936
20110425,0.9,0.888539088748461,8.19107437133789,7.57443
20110426,0.895000000000104,0.89103185393396,8.06502342224121,6.02655
20110427,0.890000000000208,0.892893804786791,7.77114295959473,6.59525
20110428,0.884999999999896,0.89377009193034,7.58742761611938,6.63211
20110429,0.88,0.893305865987803,6.90563440322876,6.49404
20110430,0.875227272727273,0.891249671761954,6.33085775375366,6.3263
20110501,0.870454545454545,0.887763630772611,2.26099705696106,3.21636
20110502,0.865681818181818,0.883113258718885,4.04686450958252,4.5496
20110503,0.860909090909091,0.877564071299885,3.98334622383118,5.19024
20110504,0.865931818182131,0.871381584214187,2.92207169532776,3.85735
20110505,0.870954545454754,0.864831313161946,5.34039402008057,5.54725
20110506,0.875977272727377,0.858178773841782,6.00403738021851,6.8636
20110507,0.881,0.851689481952801,2.7055139541626,4.33663
20110508,0.880194444444461,0.845628953194116,3.10323762893677,4.83871
20110509,0.879388888888922,0.840262703264834,4.15654802322388,5.1884
20110510,0.878583333333317,0.835856247863747,4.16223573684692,5.05869
20110511,0.877777777777778,0.832675102690715,0.163902461528778,-0.176132
20110512,0.843333333333333,0.8309121690668,0.303312629461288,0.197371
20110513,0.808888888888889,0.830469890802938,1.74531745910645,3.33727
20110514,0.774444444444444,0.831178097332426,3.87990784645081,6.01963
20110515,0.74,0.832866618088562,1.97981572151184,2.72946
20110516,0.775312500002198,0.835365282504879,1.64714860916138,2.02826
20110517,0.810625000001465,0.838503920014251,2.10263228416443,3.52968
20110518,0.845937500000733,0.842112360050149,3.21016073226929,5.3589
20110519,0.88125,0.846020432045874,4.68262958526611,5.12431
20110520,0.87593750000011,0.850057965434721,4.80322599411011,5.12032
20110521,0.870624999999779,0.854054789650316,5.37297916412354,5.17175
20110522,0.86531249999989,0.85784073412528,1.0916987657547,1.40068
20110523,0.86,0.861245628293247,2.19863367080688,3.07451
20110524,0.866666666666528,0.864130699180461,2.95756363868713,4.33296
20110525,0.873333333333057,0.866482764184954,1.43553638458252,2.96929
20110526,0.879999999999585,0.868320038297699,2.00906848907471,3.07208
20110527,0.886666666666667,0.869660736509766,1.98205375671387,2.36005
20110528,0.88,0.870523073811908,2.97983527183533,2.87126
20110529,0.873333333333333,0.870925265195235,0.994034051895142,0.69675
20110530,0.866666666666667,0.870885525650722,4.57224702835083,4.4846
20110531,0.86,0.870422070169345,6.17345857620239,5.52428
20110601,0.869999999999792,0.869558794498554,6.2094783782959,6.08734
20110602,0.880000000000415,0.868342317411569,4.98737144470215,4.39269
20110603,0.890000000000208,0.866824938438405,2.86969780921936,3.52488
20110604,0.9,0.865058957108783,4.06566524505615,5.37903
20110605,0.865000000000726,0.863096672952511,2.85490131378174,4.64835
20110606,0.830000000001452,0.860990385499399,2.36512422561646,4.01099
20110607,0.794999999999274,0.858792394279068,1.70577430725098,2.85597
20110608,0.76,0.856554998821697,1.96717572212219,3.67149
20110609,0.8075,0.854330498656913,1.67783772945404,2.30944
20110610,0.855,0.852171193314526,2.66070485115051,2.69039
20110611,0.9025,0.850129382324344,4.4499659538269,4.8313
20110612,0.95,0.848257365216175,3.57043480873108,3.96685
20110613,0.907499999997355,0.8466114170991,4.3310604095459,4.25725
20110614,0.864999999998237,0.845263715400195,2.90278220176697,3.85243
20110615,0.822499999999118,0.84429041312551,5.41576623916626,5.65216
20110616,0.78,0.84376766328124,2.38900756835938,3.076
20110617,0.806428571428023,0.843771618873582,1.91749942302704,2.75813
20110618,0.832857142856046,0.844378432908732,1.93192374706268,2.94816
20110619,0.859285714286263,0.845664258393022,0.922501266002655,1.63914
20110620,0.885714285714286,0.847705248332441,1.08898901939392,1.95887
20110621,0.87772321428588,0.850577555733262,1.83810555934906,2.76839
20110622,0.869732142857474,0.85435733360168,0.960438370704651,0.803907
20110623,0.861741071429069,0.859120734943893,1.95051789283752,2.46919
20110624,0.85375,0.864943912766624,2.01128745079041,2.4225
20110625,0.861701388888889,0.871804386972611,2.12694644927979,3.05059
20110626,0.869652777777778,0.879285145055992,4.66022920608521,3.79828
20110627,0.877604166666667,0.886870541407969,4.58613204956055,4.25828
20110628,0.885555555555556,0.894044930419745,5.54268407821655,4.78443
20110629,0.889166666666592,0.900292666482522,5.5959849357605,4.54459
20110630,0.892777777777928,0.905098103987826,4.23814630508423,4.70818
20110701,0.896388888888964,0.907945597326027,5.59766006469727,4.65756
20110702,0.9,0.908319500888793,5.25898361206055,4.55504
20110703,0.902499999999948,0.905868297032832,0.994598925113678,1.35649
20110704,0.904999999999896,0.900896979976882,1.10838723182678,2.08533
20110705,0.907499999999844,0.893874671905184,1.25598323345184,2.46154
20110706,0.91,0.885270495001214,1.01634991168976,1.89067
20110707,0.900227272727273,0.875553571450677,3.90765810012817,5.12763
20110708,0.890454545454545,0.865193023437162,1.41390383243561,2.91864
20110709,0.880681818181818,0.85465797314491,2.92753481864929,4.42655
20110710,0.870909090909091,0.844417542758165,0.849215090274811,1.48164
20110711,0.830681818182653,0.83494085446117,2.21849966049194,4.78289
20110712,0.790454545452876,0.826697030437548,1.62586522102356,2.64532
20110713,0.750227272726438,0.820155192872942,2.35767531394958,3.46172
20110714,0.71,0.815784463950855,3.31498098373413,4.57206
20110715,0.757499999999014,0.81391626888217,4.50715255737305,5.30106
20110716,0.804999999998029,0.81433124498434,4.28130865097046,4.35079
20110717,0.852500000000985,0.816672332601725,1.08199024200439,2.55328
20110718,0.9,0.820582472078004,1.89227843284607,3.23466
20110719,0.895,0.825704603757392,2.19705605506897,2.99194
20110720,0.89,0.831681667983983,1.6178058385849,2.29841
20110721,0.885,0.838156605101871,3.11999702453613,3.57207
20110722,0.88,0.844772355455151,5.13336944580078,4.46953
20110723,0.857499999998599,0.85117185938843,4.73350429534912,3.92042
20110724,0.834999999999066,0.856998057244715,1.26699817180634,1.37311
20110725,0.812499999999533,0.861893889368645,2.6785740852356,2.64467
20110726,0.79,0.865502296104315,3.45939970016479,3.82828
20110727,0.814999999999481,0.867585812347159,4.95720434188843,4.38802
20110728,0.839999999998963,0.868385351197981,6.08411741256714,4.71988
20110729,0.865000000000519,0.868261420308884,5.99568128585815,4.7783
20110730,0.89,0.867574527332056,2.80429148674011,3.57834
20110731,0.89,0.866685179919664,6.13466596603394,5.93389
20110801,0.89,0.865953885723851,4.34655952453613,5.23393
20110802,0.89,0.865741152396759,6.00046443939209,5.92021
20110803,0.89,0.866407487590632,7.02628231048584,5.56245
20110804,0.881785714285714,0.86821703452625,1.790447473526,1.4748
20110805,0.873571428571429,0.871048478699367,1.15321552753448,2.49416
20110806,0.865357142857143,0.874684141174449,3.95425772666931,7.26701
20110807,0.857142857142857,0.878906343015957,2.27248764038086,6.49641
20110808,0.867857142856921,0.883497405288356,3.38536405563354,7.19261
20110809,0.878571428571873,0.888239649056502,1.92548394203186,5.71132
20110810,0.889285714285937,0.892915395384057,2.50317549705505,5.57622
20110811,0.9,0.897306965335875,3.52279901504517,6.81486
20110812,0.9,0.901196679976417,7.51155424118042,8.68184
20110813,0.9,0.904366860370149,1.44704365730286,5.20617
20110814,0.9,0.906599827581534,5.12544679641724,7.20044
20110815,0.9,0.907677902675069,1.61224210262299,4.97751
20110816,0.9025,0.907452170737217,5.73260307312012,5.52343
20110817,0.905,0.906048772943542,1.08717942237854,4.05585
20110818,0.9075,0.90366261449166,2.32700490951538,4.63024
20110819,0.91,0.900488600579188,6.68640613555908,5.26939
20110820,0.907499999999844,0.896721636403409,8.74546146392822,6.05466
20110821,0.904999999999896,0.892556627162579,8.83705615997314,6.57826
20110822,0.902499999999948,0.888188478054024,8.20555019378662,6.7361
20110823,0.9,0.883812094275359,8.61690330505371,6.66394
20110824,0.887500000000259,0.879622381024199,9.01087188720703,7.38567
20110825,0.875000000000519,0.875814243498163,6.3812141418457,5.79671
20110826,0.862499999999741,0.872582586894627,6.38108730316162,6.09417
20110827,0.85,0.870122316411757,6.31999635696411,5.87773
20110828,0.8525,0.868570536952692,5.79522609710693,6.26972
20110829,0.855,0.867833152244143,4.85135507583618,5.70186
20110830,0.8575,0.867758265718635,4.38050174713135,NA
20110831,0.86,0.868193980808697,2.80228614807129,3.551
20110901,0.870000000000622,0.868988400946931,7.85728120803833,6.81318
20110902,0.880000000000415,0.869989629565724,9.34700870513916,6.7194
20110903,0.890000000000208,0.871045770097655,8.138258934021,6.27949
20110904,0.9,0.872004925975251,5.35367965698242,5.76124
20110905,0.887187500000266,0.872744377887052,9.76725101470947,7.37715
20110906,0.874375000000532,0.873258115545641,4.13706159591675,4.70302
20110907,0.861562499999734,0.873569305919634,6.86133813858032,7.59202
20110908,0.84875,0.873701115977577,7.29979515075684,7.66691
20110909,0.856562499999838,0.873676712688099,5.34804773330688,6.72306
20110910,0.864374999999676,0.873519263019797,4.85680150985718,6.24212
20110911,0.872187499999514,0.873251933941268,6.82800340652466,6.62456
20110912,0.88,0.872897892421074,3.30253911018372,4.58032
20110913,0.88,0.872480305427873,7.54559278488159,6.9109
20110914,0.88,0.872022339930235,6.51158380508423,6.66224
20110915,0.88,0.871547162896756,6.07116937637329,7.6352
20110916,0.88,0.871077941296033,9.38561534881592,7.06083
20110917,0.875000000000104,0.870632144923785,9.78623294830322,6.57506
20110918,0.869999999999792,0.870204454884192,11.4841117858887,8.19241
20110919,0.864999999999896,0.869783855108665,10.4751901626587,6.67169
20110920,0.86,0.869359329528505,6.55866098403931,6.92271
20110921,0.862499999999948,0.868919862075052,5.70752000808716,7.68164
20110922,0.864999999999896,0.868454436679645,11.1950387954712,7.41199
20110923,0.867499999999844,0.867952037273624,5.54673147201538,8.03941
20110924,0.87,0.867401647788278,7.21894502639771,8.41184
20110925,0.8675,0.866792252155039,10.8780488967896,9.06992
20110926,0.865,0.866112834305201,9.36067390441895,7.50745
20110927,0.8625,0.865352378170104,7.49007606506348,5.56714
20110928,0.86,0.864499867681086,2.41775417327881,0.866214
20110929,0.862500000000156,0.863549410179198,2.03452515602112,3.37811
20110930,0.865000000000104,0.862515606644907,4.63291025161743,5.96877
20111001,0.867500000000052,0.86141818146824,3.83399653434753,4.83524
20111002,0.87,0.860276859039299,8.21585941314697,7.89362
20111003,0.865909090909176,0.859111363748186,11.0912799835205,8.59758
20111004,0.861818181818352,0.857941419985002,9.00771617889404,5.64786
20111005,0.857727272727188,0.856786752139755,6.27795362472534,NA
20111006,0.853636363636364,0.85566708460274,3.5304229259491,NA
20111007,0.849772727272727,0.854603364287293,5.75523233413696,NA
20111008,0.845909090909091,0.853621428200173,7.77615118026733,NA
20111009,0.842045454545455,0.852748335871471,7.01647329330444,7.21917
20111010,0.838181818181818,0.852011146831277,4.38038921356201,7.56076
20111011,0.843636363636703,0.851436920609641,5.36622142791748,6.10457
20111012,0.849090909091135,0.851052716736751,6.17531442642212,7.38963
20111013,0.854545454545568,0.850885594742643,12.9017791748047,8.95875
20111014,0.86,0.850962614157407,13.8004350662231,NA
20111015,0.862499999999948,0.851310834511134,9.08344650268555,7.77743
20111016,0.864999999999896,0.851957315333914,7.76146221160889,7.91847
20111017,0.867500000000052,0.852929116155931,13.1656141281128,9.27322
20111018,0.87,0.854253296507119,15.1876630783081,9.3051
20111019,0.866562500000071,0.855936659903545,15.4781150817871,9.77461
20111020,0.863125000000143,0.857904985804865,10.311580657959,7.1888
20111021,0.859687500000214,0.860063797656647,3.42071890830994,NA
20111022,0.85625,0.862318618904644,5.81711483001709,NA
20111023,0.8521875,0.864574972994044,14.1684198379517,9.41077
20111024,0.848125,0.866738383370598,2.90595459938049,5.12556
20111025,0.8440625,0.868714373479874,4.24345636367798,NA
20111026,0.84,0.870408466767438,14.4489049911499,NA
20111027,0.852499999999741,0.871726186678857,12.4268321990967,8.61377
20111028,0.865000000000519,0.872573056659747,10.4888114929199,NA
20111029,0.877500000000259,0.872854600155528,9.7653865814209,9.81734
20111030,0.89,0.872476340611858,3.67043161392212,7.21665
20111031,0.887500000000052,0.871376508361524,8.27384853363037,11.0912
20111101,0.885000000000104,0.869624161286198,7.20889663696289,8.24512
20111102,0.882500000000156,0.867321064154772,4.95053815841675,6.25648
20111103,0.88,0.864568981735894,5.0453634262085,6.75442
20111104,0.87,0.861469678798918,13.9426565170288,9.60894
20111105,0.86,0.858124920112526,16.4774551391602,9.96288
20111106,0.85,0.854636470445609,7.0247483253479,NA
20111107,0.84,0.851106094567059,14.8196964263916,10.3751
20111108,0.847500000000467,0.847630745627272,8.28370666503906,6.2472
20111109,0.855000000000311,0.844288130304663,10.3381185531616,7.01008
20111110,0.862500000000156,0.841151143658558,10.2805376052856,10.5688
20111111,0.87,0.838292680748579,12.9175415039062,10.8313
20111112,0.842500000000571,0.835785636634346,15.3924007415771,10.5087
20111113,0.815000000001141,0.833702906375479,7.27096176147461,5.92973
20111114,0.787499999999429,0.832117385031488,11.5372228622437,10.8786
20111115,0.76,0.831101967662263,13.8522205352783,11.1474
20111116,0.7875,0.83072954932727,13.5452451705933,13.4967
20111117,0.815,0.83107302508613,12.621452331543,9.54589
20111118,0.8425,0.832205289998463,11.5103397369385,NA
20111119,0.87,0.834199239123888,2.66345405578613,2.18747
20111120,0.87,0.837089180163743,11.250337600708,10.9789
20111121,0.87,0.840755071384368,12.1421918869019,10.2416
20111122,0.87,0.84503828369424,9.51994228363037,11.0467
20111123,0.87,0.849780188001635,9.86677265167236,10.7385
20111124,0.865769230769319,0.854822155214825,15.6420307159424,NA
20111125,0.861538461538286,0.860005556242516,4.81074810028076,NA
20111126,0.857307692307605,0.865171761992111,2.10933899879456,3.49708
20111127,0.853076923076923,0.87016214337231,13.0143880844116,9.17097
20111128,0.862307692307501,0.874818071291388,12.2915325164795,8.1535
20111129,0.871538461538078,0.878980916657618,9.26169776916504,7.78983
20111130,0.880769230768656,0.882492050379274,8.729248046875,8.92131
20111201,0.89,0.885192843364816,7.36613702774048,9.65252
20111202,0.8875,0.886969397991475,13.729663848877,10.6137
20111203,0.885,0.88788674251487,14.2718133926392,10.8383
20111204,0.8825,0.888054636659773,10.942777633667,11.5646
20111205,0.88,0.88758284015096,14.7480707168579,12.5035
20111206,0.88,0.886581112713204,14.5356178283691,9.97367
20111207,0.88,0.885159214071147,15.7069387435913,6.30522
20111208,0.88,0.883426903949807,15.7410440444946,NA
20111209,0.88,0.881493942073856,12.2571058273315,NA
20111210,0.88,0.879466092087726,8.78027439117432,7.43601
20111211,0.88,0.87743313331448,12.9450416564941,13.5054
20111212,0.88,0.875480848996841,10.0709133148193,12.0777
20111213,0.88,0.873695022377391,8.72914695739746,NA
20111214,0.8775,0.872161436699154,14.2984962463379,10.8492
20111215,0.875,0.870965875204696,14.8631038665771,12.4453
20111216,0.8725,0.870194121136738,14.3870611190796,8.92337
20111217,0.87,0.869931957738001,9.20370006561279,7.74167
20111218,0.872500000000156,0.870265168251264,1.86096966266632,1.77507
20111219,0.875000000000104,0.871279535919197,5.80785799026489,6.7244
20111220,0.877500000000052,0.873060843984524,10.5690765380859,11.0733
20111221,0.88,0.875694875689967,13.7267303466797,12.94
20111222,0.882499999999948,0.879197083277871,15.1131706237793,12.0895
20111223,0.884999999999896,0.883301594989076,14.71142578125,9.51639
20111224,0.887500000000052,0.887672208064412,12.861777305603,8.39259
20111225,0.89,0.891972719743593,12.5708255767822,7.99193
20111226,0.8875,0.89586692726744,7.24108982086182,7.93262
20111227,0.885,0.899018627876416,11.348687171936,10.3
20111228,0.8825,0.901091618810987,15.4465169906616,11.9894
20111229,0.88,0.901749697311614,15.0480403900146,11.2575
20111230,0.885003417635305,0.900656660618592,16.1181316375732,9.8975
20111231,0.890006835270194,0.89747630597254,16.4501171112061,NA
20120101,0.895010252905083,0.891872430613911,14.4079284667969,9.04797
20120102,0.9,0.883535747901075,13.7006731033325,NA
20120103,0.9,0.872430876264593,7.31340074539185,NA
20120104,0.870000000000624,0.859774007261822,11.8242111206055,10.6286
20120105,0.839999999998752,0.84709126166493,11.5936594009399,11.3466
20120106,0.809999999999376,0.835908760249315,11.3962078094482,11.5387
20120107,0.78,0.827752623787082,5.26383590698242,6.3628
20120108,0.798958333333333,0.823787357524647,8.31366539001465,NA
20120109,0.817916666666667,0.823731004601346,6.83477973937988,NA
20120110,0.836875,0.826939992629748,7.06688261032104,9.39985
20120111,0.855833333333333,0.832770749222421,8.57254123687744,NA
20120112,0.861875000000377,0.84057970199265,6.38443374633789,8.46722
20120113,0.867916666666918,0.849723278551658,6.34694576263428,8.77787
20120114,0.873958333333459,0.859557906512591,7.86736345291138,9.96643
20120115,0.88,0.869440013488018,12.7289600372314,10.909
20120116,0.88,0.878726027090507,13.5256986618042,7.56508
20120117,0.88,0.886772374932627,11.9919729232788,7.89353
20120118,0.88,0.892935484626947,11.6166849136353,9.08988
20120119,0.88,0.896571783786216,13.1963014602661,11.5732
20120120,0.88,0.897222310561081,12.2326135635376,10.3275
20120121,0.88,0.895166545258164,6.94537210464478,7.70641
20120122,0.88,0.890868578722401,12.6061944961548,8.40275
20120123,0.88,0.884792501798725,12.6514987945557,NA
20120124,0.882499999999948,0.877402405332072,11.9992084503174,7.4291
20120125,0.884999999999896,0.869162380167376,12.4502754211426,8.95772
20120126,0.887500000000052,0.860536517148849,11.3492202758789,10.0835
20120127,0.89,0.851988907122896,11.7330636978149,8.09947
20120128,0.8575,0.843983640933741,8.94473171234131,6.32586
20120129,0.825,0.83698480942632,9.1010160446167,5.44327
20120130,0.7925,0.831456503445565,6.38155126571655,3.97667
20120131,0.76,0.827862813836414,8.0307092666626,8.78929
20120201,0.792499999999324,0.82652526512591,11.0350160598755,9.935
20120202,0.825000000001352,0.827195116569676,9.22632598876953,9.32719
20120203,0.857500000000676,0.829481061105174,9.13066673278809,7.97954
20120204,0.89,0.832991791669985,10.6997470855713,NA
20120205,0.88,0.837336001201714,2.86721754074097,3.15675
20120206,0.87,0.842122382637962,8.73870658874512,10.1465
20120207,0.86,0.846959628916335,4.69411993026733,7.37675
20120208,0.85,0.851456432974433,10.1971082687378,10.277
20120209,0.84716666666649,0.855299316933007,9.61375331878662,10.2948
20120210,0.844333333333215,0.858486119643292,7.53444910049438,8.13539
20120211,0.841499999999941,0.861092509140365,5.63116598129272,7.75912
20120212,0.838666666666667,0.863194153458951,7.64773273468018,8.27994
20120213,0.844666666666542,0.864866720633776,9.77508926391602,9.86778
20120214,0.850666666666417,0.866185878699565,11.5083799362183,8.85097
20120215,0.856666666666292,0.867227295691045,9.45664978027344,6.58317
20120216,0.862666666666667,0.868066639643003,7.03909015655518,6.11645
20120217,0.8695,0.868779578590033,6.3023796081543,7.90835
20120218,0.876333333333333,0.869441780566936,10.7497110366821,9.23631
20120219,0.883166666666667,0.870128913608439,6.19008731842041,4.71828
20120220,0.89,0.870916645749267,3.19614815711975,5.91879
20120221,0.887500000000052,0.871859510413705,8.36019897460938,10.1632
20120222,0.885000000000104,0.872927502584279,10.6381349563599,9.21938
20120223,0.882499999999948,0.87406948263317,11.1371603012085,7.62107
20120224,0.88,0.875234310932271,10.8790378570557,7.09691
20120225,0.87625,0.876370847853757,11.2597503662109,5.49423
20120226,0.8725,0.877427953769715,9.08098411560059,6.10127
20120227,0.86875,0.878354489052229,2.57879304885864,2.25362
20120228,0.865,0.879099314073385,5.47060966491699,7.8032
20120229,0.866785714285677,0.879611289205268,2.80833888053894,7.76439
20120301,0.868571428571503,0.879839274819967,NA,5.41771
20120302,0.87035714285718,0.879732131289527,5.72892808914185,8.08896
20120303,0.872142857142857,0.879238718986064,1.52871966362,3.05581
20120304,0.876607142857143,0.878333645560306,9.50074863433838,7.334
20120305,0.881071428571429,0.877094507777552,5.55161952972412,7.54286
20120306,0.885535714285714,0.875624649681742,7.58045196533203,8.5217
20120307,0.89,0.874027415316818,11.810040473938,10.4279
20120308,0.887499999999844,0.872406148726588,9.73999309539795,9.50687
20120309,0.884999999999896,0.870864193955271,13.5403270721436,7.91352
20120310,0.882499999999948,0.869504895046671,6.00192928314209,8.40265
20120311,0.88,0.868431596044732,11.6282348632812,8.75569
20120312,0.870000000000208,0.867724717092907,12.2826805114746,8.54814
20120313,0.860000000000416,0.867372982732707,13.1328239440918,8.12402
20120314,0.850000000000624,0.867342193605158,8.72017955780029,7.21059
20120315,0.84,0.867598150351315,5.49031639099121,4.8666
20120316,0.85,0.868106653612159,5.614577293396,4.82371
20120317,0.86,0.868833504028724,10.0218849182129,8.47566
20120318,0.87,0.869744502242035,11.5925817489624,9.7149
20120319,0.88,0.870805448893116,12.6126394271851,8.30198
20120320,0.879230769230785,0.871982144622991,10.2034034729004,7.62072
20120321,0.87846153846157,0.873240390072686,6.65352249145508,6.06727
20120322,0.877692307692292,0.874545985883335,8.90750885009766,7.37926
20120323,0.876923076923077,0.875864732695743,5.74555015563965,5.31208
20120324,0.877692307692308,0.877167998406589,4.79309558868408,6.33667
20120325,0.878461538461538,0.878449419934645,8.25326347351074,7.0631
20120326,0.879230769230769,0.879708201454226,7.86697149276733,6.91085
20120327,0.88,0.880943547139651,5.17464447021484,5.66622
20120328,0.882499999999948,0.882154661165239,10.4268178939819,7.91441
20120329,0.885000000000104,0.883340747705403,10.6351537704468,7.20803
20120330,0.887500000000052,0.884501010934266,10.3049688339233,6.59835
20120331,0.89,0.885634655026245,9.99532890319824,6.86219
20120401,0.8925,0.886740884155657,7.09813976287842,6.282
20120402,0.895,0.88781890249682,9.67219161987305,8.13033
20120403,0.8975,0.888867914224053,9.4582986831665,7.91795
20120404,0.9,0.889887123511673,10.1910820007324,7.89803
20120405,0.892500000000156,0.890871552657403,10.3332347869873,7.53712
20120406,0.884999999999688,0.89179949645266,8.2029914855957,6.34939
20120407,0.877499999999844,0.892645067812036,6.70833778381348,7.07528
20120408,0.87,0.893382379650357,4.27857112884521,5.79848
20120409,0.8775,0.893985544882372,3.43679165840149,5.6291
20120410,0.885,0.894428676422829,5.11611461639404,7.4147
20120411,0.8925,0.894685887186473,6.95477342605591,6.43488
20120412,0.9,0.894731290088056,8.70561504364014,NA
20120413,0.9,0.894550229354444,8.80340480804443,4.95087
20120414,0.9,0.894172974461151,6.86364698410034,5.40054
20120415,0.9,0.893641026195795,8.83850860595703,NA
20120416,0.9,0.892995885346002,7.84390592575073,7.18901
20120417,0.9,0.892279052699396,8.23073863983154,7.57456
20120418,0.9,0.891532029043602,7.87963008880615,6.59767
20120419,0.9,0.890796315166245,3.9808452129364,4.66681
20120420,0.9,0.890113411854896,6.17685461044312,6.14209
20120421,0.893333333333333,0.889524819897297,7.30689239501953,7.19983
20120422,0.886666666666667,0.889072040081012,2.42536735534668,4.42544
20120423,0.88,0.888796573193668,2.31263589859009,4.14445
20120424,0.873333333333333,0.888739920022888,1.52127683162689,2.41749
20120425,0.875909090909037,0.8889314425433,1.54375576972961,2.20902
20120426,0.878484848484741,0.889351947477531,3.1942253112793,3.66871
20120427,0.88106060606066,0.889970102735271,4.10184574127197,4.51848
20120428,0.883636363636364,0.890754576226047,5.19153642654419,5.12659
20120429,0.892727272727273,0.891674035859532,4.38452768325806,6.42466
20120430,0.901818181818182,0.892697149545356,5.03047561645508,5.96756
20120501,0.910909090909091,0.893792585193151,7.56498003005981,6.63113
20120502,0.92,0.894929010712547,5.49143695831299,5.77603
20120503,0.910250000000203,0.896075094013175,2.72675180435181,3.63028
20120504,0.900499999999594,0.897199503004757,2.3791241645813,3.07687
20120505,0.890749999999797,0.898270905596734,3.05959320068359,4.22288
20120506,0.881,0.899257969698831,2.47533059120178,3.26748
20120507,0.88575,0.900134871270703,3.97515487670898,4.35277
20120508,0.8905,0.9008978184721,6.14225625991821,5.9564
20120509,0.89525,0.901548527512795,5.12136030197144,4.29185
20120510,0.9,0.902088714602562,7.56260013580322,6.44862
20120511,0.905000000000312,0.902520095951204,5.69613456726074,6.43424
20120512,0.910000000000208,0.902844387768424,3.68218636512756,5.07188
20120513,0.915000000000104,0.903063306264036,3.3307044506073,4.28959
20120514,0.92,0.903178567647812,3.75937724113464,4.63554
20120515,0.912500000000156,0.903189465597739,2.38585805892944,3.84494
20120516,0.905000000000312,0.90308560366465,4.88784980773926,5.20037
20120517,0.897500000000468,0.902854162867592,6.1924409866333,5.97462
20120518,0.89,0.902482324225573,5.43212127685547,5.41305
20120519,0.8925,0.901957268757702,2.96318459510803,4.47576
20120520,0.895,0.901266177482999,4.83092880249023,5.72461
20120521,0.8975,0.900396231420511,4.22293996810913,5.21325
20120522,0.9,0.899334611589284,3.34664869308472,4.31984
20120523,0.896666666666736,0.898068499008364,4.90748119354248,3.88856
20120524,0.893333333333472,0.896585074696798,3.43548774719238,4.85921
20120525,0.889999999999931,0.894871519673478,0.738817751407623,0.668451
20120526,0.886666666666667,0.892915014957737,2.09575605392456,3.09802
20120527,0.89,0.890718496825524,2.8471314907074,4.44145
20120528,0.893333333333333,0.888347922581071,2.36331820487976,3.84198
20120529,0.896666666666667,0.885885004785646,2.44091296195984,4.002
20120530,0.9,0.883411456000517,5.76609563827515,6.34856
20120531,0.892222222222384,0.881008988786954,5.36003160476685,6.15384
20120601,0.884444444444121,0.878759315706046,5.745436668396,5.20297
20120602,0.876666666666505,0.876744149319442,4.83265590667725,4.72617
20120603,0.868888888888889,0.875045202188216,3.24838519096375,4.67628
20120604,0.866666666666667,0.873744186873635,2.0806999206543,2.38958
20120605,0.864444444444444,0.872922815936969,1.95996713638306,4.73583
20120606,0.862222222222222,0.872662801939486,3.51805758476257,5.71995
20120607,0.86,0.873045857442454,2.83065247535706,3.60309
20120608,0.870000000000624,0.874104145909381,2.51166391372681,4.07634
20120609,0.880000000000416,0.875671634411975,1.85686755180359,2.99504
20120610,0.890000000000208,0.877532740924324,2.10189533233643,3.85556
20120611,0.9,0.879471883420454,4.92780780792236,6.00496
20120612,0.89166666666684,0.881273479874391,3.669517993927,4.07943
20120613,0.88333333333368,0.882721948260162,3.58146095275879,3.98452
20120614,0.87500000000052,0.883601706551793,0.919582724571228,1.50911
20120615,0.866666666666667,0.88369717272328,2.57882308959961,3.47946
20120616,0.871428571428571,0.882855548126245,3.71811103820801,3.49002
20120617,0.876190476190476,0.881175167622896,1.50409197807312,2.46382
20120618,0.880952380952381,0.878817149453022,1.21819412708282,1.91489
20120619,0.885714285714286,0.875942611856414,4.86240768432617,4.22138
20120620,0.877723214285881,0.872712673072863,1.86768853664398,2.21658
20120621,0.869732142857475,0.86928845134216,0.41909459233284,2.06943
20120622,0.861741071428405,0.86583106490381,1.97058391571045,2.6591
20120623,0.85375,0.86250163199819,1.58921778202057,2.94589
20120624,0.8603125,0.859461270864803,1.73273849487305,2.60611
20120625,0.866875,0.856871099743438,1.80256187915802,2.37511
20120626,0.8734375,0.854892236873887,3.86916875839233,4.36379
20120627,0.88,0.853685800495939,2.68072390556335,3.71806
20120628,0.862500000000364,0.853365972092032,1.51249814033508,2.95124
20120629,0.844999999999272,0.853859186115257,0.847939431667328,2.41902
20120630,0.827499999999636,0.85504494026119,1.76925206184387,4.31523
20120701,0.81,0.856802732225507,1.122931599617,2.69019
20120702,0.8325,0.859012059703873,2.39349174499512,4.40658
20120703,0.855,0.861552420391956,4.06219530105591,4.65876
20120704,0.8775,0.864303311985421,3.42869091033936,5.21486
20120705,0.9,0.867144232179935,4.10773181915283,4.9769
20120706,0.897499999999844,0.869954678671394,5.4842963218689,5.33721
20120707,0.894999999999896,0.872614149154987,5.44074201583862,5.48549
20120708,0.892499999999948,0.875002141326618,4.82782793045044,4.81934
20120709,0.89,0.876998152881953,3.42322635650635,3.99128
20120710,0.877916666666918,0.878516321648437,0.656775295734406,1.13085
20120711,0.865833333333836,0.879609345980628,1.3728860616684,2.26144
20120712,0.853750000000754,0.880364564364859,0.866199553012848,1.16303
20120713,0.841666666666667,0.880869315287502,3.1383101940155,3.76171
20120714,0.85625,0.881210937234812,1.62654709815979,2.47043
20120715,0.870833333333333,0.881476768693178,1.47840297222137,2.73614
20120716,0.885416666666667,0.881754148148933,1.60457241535187,2.28514
20120717,0.9,0.882130414088415,3.25112295150757,4.20322
20120718,0.9,0.882671225433286,4.00364351272583,4.21844
20120719,0.9,0.883355522846532,2.79802751541138,NA
20120720,0.9,0.884140567426531,2.30086016654968,3.13553
20120721,0.9,0.884983620271463,3.06512761116028,3.75509
20120722,0.891785714285714,0.885841942479703,4.0653510093689,4.40852
20120723,0.883571428571429,0.886672795149563,3.21754503250122,4.06051
20120724,0.875357142857143,0.887433439379356,3.23253107070923,4.51077
20120725,0.867142857142857,0.888081136267393,3.17814826965332,3.80757
20120726,0.87369047619034,0.888573146911987,1.65845429897308,2.6737
20120727,0.880238095238368,0.888866732411467,3.39635229110718,4.15428
20120728,0.886785714285851,0.888919153864092,2.36205959320068,3.20887
20120729,0.893333333333333,0.888687672368209,3.02178001403809,3.58903
20120730,0.895,0.888143042174129,3.93957018852234,5.07644
20120731,0.896666666666667,0.887309990140164,5.67069816589355,5.11221
20120801,0.898333333333333,0.886226736276625,6.59912061691284,5.78217
20120802,0.9,0.884931500593822,3.17573881149292,4.32375
20120803,0.889285714285046,0.883462503101937,6.43976497650146,6.29348
20120804,0.878571428570983,0.88185796381153,5.75661087036133,5.06368
20120805,0.86785714285692,0.880156102732794,2.87113213539124,4.11985
20120806,0.857142857142857,0.878395139876042,2.73686623573303,4.4668
20120807,0.862857142857024,0.876613295251583,4.64710855484009,5.91646
20120808,0.868571428571191,0.874848788869728,0.729503750801086,1.58824
20120809,0.874285714285358,0.873139840740789,3.42934203147888,5.3495
20120810,0.88,0.871524670874947,2.96489548683167,4.38821
20120811,0.877083333333333,0.870050047620704,4.55735158920288,5.20111
20120812,0.874166666666667,0.868796932677834,5.04836225509644,5.84117
20120813,0.87125,0.867854836084169,6.75983381271362,6.37871
20120814,0.868333333333333,0.867313267877541,2.29855632781982,3.51254
20120815,0.870138888888851,0.867261738095784,2.14231491088867,3.66567
20120816,0.871944444444369,0.86778975677673,2.47676944732666,4.07611
20120817,0.873750000000038,0.86898683395834,2.02005362510681,2.92625
20120818,0.875555555555556,0.870942479678256,2.98780870437622,4.21149
20120819,0.879166666666667,0.873704122932071,2.76778316497803,4.50818
20120820,0.882777777777778,0.877150868546083,1.60598039627075,2.95011
20120821,0.886388888888889,0.88111974030428,6.43704986572266,5.59779
20120822,0.89,0.885447761990649,7.46343755722046,5.68329
20120823,0.882083333333498,0.889971957389179,3.48025751113892,4.71817
20120824,0.874166666666337,0.894529350284235,2.51031732559204,3.83406
20120825,0.866249999999835,0.898956964459034,2.78333425521851,4.41121
20120826,0.858333333333333,0.903091823697945,4.33980751037598,5.65252
20120827,0.88875,0.906770951784958,5.6520791053772,7.15059
20120828,0.919166666666667,0.909831372504059,9.3822135925293,5.75226
20120829,0.949583333333333,0.912110109639238,7.55286550521851,5.00007
20120830,0.98,0.913444186974483,2.7157244682312,4.01665
20120831,0.957499999998596,0.913708318444527,7.21721172332764,5.75949
20120901,0.934999999999064,0.912927978587159,8.74727058410645,7.10018
20120902,0.912499999999532,0.911166332091044,9.48838806152344,7.47034
20120903,0.89,0.908486543644779,9.35515689849854,7.07737
20120904,0.879687500000215,0.904951777936958,10.8922071456909,6.39893
20120905,0.869375000000429,0.90062519965618,1.86614155769348,2.06896
20120906,0.859062500000644,0.89556997349104,4.62244462966919,5.67123
20120907,0.84875,0.889849264129634,3.29369115829468,4.39954
20120908,0.8565625,0.883526236261515,3.85188889503479,5.09193
20120909,0.864375,0.87666405457483,9.27616500854492,8.1578
20120910,0.8721875,0.869325883758175,9.12443161010742,7.83093
20120911,0.88,0.861574888500147,10.7756423950195,7.77938
20120912,0.878250000000036,0.853515260040603,8.83009052276611,6.41998
20120913,0.876500000000073,0.845415295824438,5.81213140487671,NA
20120914,0.874749999999964,0.837584319847182,2.71454858779907,3.72332
20120915,0.873,0.830331656106311,6.69545698165894,6.48244
20120916,0.84725,0.823966628597318,2.97472834587097,4.08039
20120917,0.8215,0.818798561316361,3.91109108924866,4.12337
20120918,0.79575,0.815136778259594,3.27674579620361,4.16755
20120919,0.77,0.813290603423176,6.87326622009277,6.47203
20120920,0.78249999999974,0.813466619322304,9.13683891296387,6.50832
20120921,0.79500000000052,0.81546044254857,5.69024181365967,5.46348
20120922,0.80750000000026,0.818964948212024,11.4271173477173,8.55263
20120923,0.82,0.823673011423158,7.94551658630371,7.48017
20120924,0.8325,0.829277507292374,5.03240776062012,6.24703
20120925,0.845,0.835471310930071,10.1076383590698,9.41121
20120926,0.8575,0.841947297446651,9.38910961151123,6.88017
20120927,0.87,0.848398341952513,11.7428245544434,6.75185
20120928,0.87,0.854517319558546,1.10294711589813,0.837064
20120929,0.87,0.859997105374109,5.63492679595947,5.66057
20120930,0.87,0.864530574510131,6.04320192337036,6.1228
20121001,0.87,0.867810602077011,6.67621421813965,7.40002
20121002,0.8675,0.869616023332055,12.6979484558105,7.98308
20121003,0.865,0.870069514120187,13.6884164810181,8.68834
20121004,0.8625,0.869379710433234,14.2523546218872,7.87094
20121005,0.86,0.867755248263028,9.83220672607422,9.14883
20121006,0.854545454545114,0.865404763601175,2.25854349136353,4.07777
20121007,0.849090909090682,0.862536892439909,4.63798332214355,NA
20121008,0.84363636363625,0.859360270770893,6.05709028244019,NA
20121009,0.838181818181818,0.856083534585953,7.67417144775391,NA
20121010,0.846136363636198,0.85291531987692,6.31143951416016,NA
20121011,0.854090909090578,0.850064262635621,3.00553560256958,NA
20121012,0.862045454544958,0.847738998853885,5.27704858779907,NA
20121013,0.87,0.846148164523445,5.33906364440918,6.69318
20121014,0.862333333333333,0.845436415531305,13.0552024841309,8.79875
20121015,0.854666666666667,0.845492487343611,11.3091640472412,6.55774
20121016,0.847,0.846141135321569,4.22832822799683,5.93904
20121017,0.839333333333333,0.847207114826387,7.4103798866272,9.18172
20121018,0.843562499999912,0.848515181219272,10.6148433685303,8.63746
20121019,0.847791666666491,0.849890089861432,14.0820627212524,7.63706
20121020,0.852020833333421,0.85115659611417,12.4443416595459,8.71433
20121021,0.85625,0.852139455338471,8.42837238311768,9.60983
20121022,0.852572115384615,0.852706988341616,11.9941186904907,10.2655
20121023,0.848894230769231,0.852901777714624,12.4721870422363,9.01059
20121024,0.845216346153846,0.852809971494478,7.10442781448364,5.99292
20121025,0.841538461538462,0.852517717718158,4.25731182098389,5.07794
20121026,0.84615384615375,0.852111164422647,5.26927328109741,6.67314
20121027,0.850769230769423,0.85167645964489,6.22163867950439,6.32043
20121028,0.855384615384711,0.851299751421948,13.7571725845337,7.70718
20121029,0.86,0.851067187790766,15.8497714996338,NA
20121030,0.859090909090909,0.851064916788325,17.0427436828613,NA
20121031,0.858181818181818,0.851379086451607,9.21767711639404,2.98527
20121101,0.857272727272727,0.852095844817593,5.43050003051758,5.38474
20121102,0.856363636363636,0.853301339923266,4.48849201202393,5.96178
20121103,0.856311188811186,0.855043687290612,10.663670539856,9.35024
20121104,0.856258741258739,0.857218872380527,13.7849369049072,8.92916
20121105,0.856206293706293,0.859684848139165,5.05117225646973,4.91465
20121106,0.856153846153846,0.862299567512563,6.51878213882446,5.97695
20121107,0.859615384615313,0.864920983446754,6.99153089523315,7.41033
20121108,0.863076923076779,0.867407048887774,11.2659606933594,9.43739
20121109,0.866538461538245,0.869615716781657,8.39745044708252,8.98418
20121110,0.87,0.871404940074565,13.8364505767822,9.48305
20121111,0.87,0.872632671712224,16.249532699585,6.91254
20121112,0.87,0.873156864640838,13.1379737854004,8.24663
20121113,0.87,0.872835471806441,12.5099086761475,10.1113
20121114,0.87,0.871526446155067,12.9217147827148,9.60696
20121115,0.867500000000052,0.869153724367145,6.46818447113037,6.41565
20121116,0.865000000000104,0.865905178060674,8.20361328125,8.68685
20121117,0.862499999999948,0.862034662587707,11.5013875961304,9.73329
20121118,0.86,0.857796033301297,8.86787414550781,8.48933
20121119,0.86,0.853443145553538,14.2617235183716,12.171
20121120,0.86,0.849229854696823,12.4260845184326,8.07763
20121121,0.86,0.845410016083546,12.8978080749512,9.89769
20121122,0.86,0.842237485066098,12.9403028488159,12.6883
20121123,0.850000000000208,0.83990795029632,13.2465991973877,8.88672
20121124,0.839999999999584,0.838384433623749,10.1364755630493,3.80692
20121125,0.829999999999792,0.837571790197712,13.2662353515625,9.00192
20121126,0.82,0.837374875167129,9.89739227294922,6.30236
20121127,0.8225,0.837698543681079,8.24595546722412,6.50343
20121128,0.825,0.838447650888643,14.10182762146,7.54821
20121129,0.8275,0.839527051938899,13.8168849945068,6.84209
20121130,0.83,0.840841601980929,7.18313217163086,7.47415
20121201,0.837321428571886,0.842296156163935,9.91191482543945,8.12405
20121202,0.844642857143162,0.84379556963675,5.89087772369385,7.29244
20121203,0.851964285714438,0.845244697548568,7.21495342254639,8.53786
20121204,0.859285714285714,0.84654839504847,7.35136270523071,7.95871
20121205,0.856964285714334,0.847621174032197,6.52592277526855,6.96454
20121206,0.854642857142954,0.848416173382139,9.43291091918945,8.23746
20121207,0.852321428571573,0.848896188727347,9.78771114349365,8.70918
20121208,0.85,0.849024015696866,10.6055498123169,6.6662
20121209,0.8475,0.848762449919725,11.9740161895752,9.18879
20121210,0.845,0.848074287024999,12.5873289108276,8.90464
20121211,0.8425,0.846922322641741,13.986704826355,8.09467
20121212,0.84,0.845269352399002,12.9035940170288,9.05315
20121213,0.8451923076922,0.843078171925832,8.877610206604,NA
20121214,0.850384615384399,0.840311576851283,4.291579246521,NA
20121215,0.855576923077031,0.836932362804097,8.23682117462158,NA
20121216,0.860769230769231,0.832903325413887,7.2240948677063,NA
20121217,0.838076923076923,0.828270270001179,10.4905462265015,NA
20121218,0.815384615384615,0.823411040653676,12.7587432861328,8.50482
20121219,0.792692307692308,0.818786491150816,4.45916366577148,5.67504
20121220,0.77,0.814857475272033,9.76005268096924,8.67593
20121221,0.787499999999636,0.812084846796762,12.5722494125366,10.2111
20121222,0.805000000000728,0.810929459504423,13.4202585220337,9.9362
20121223,0.822500000000364,0.811852167174676,10.2137422561646,8.44138
20121224,0.84,0.815313823586785,6.21751499176025,6.96431
20121225,0.845,0.821775282520188,11.0755319595337,9.70171
20121226,0.85,0.831697397754317,12.2002468109131,9.64842
20121227,0.855,0.84554102306861,11.011757850647,8.7902
20121228,0.86,0.8637670122425,9.83119773864746,8.70837
20121229,0.881251708817574,0.884337801274379,9.02066802978516,NA
20121230,0.882503417635045,0.904908590304549,11.1846475601196,NA
20121231,NA,0.92547937933472,11.3797521591187,NA
